{
    "ABRIL": {
        "TOTAL_COBRADO": 317.01,
        "TOTAL_PERDIDA_PATRIMONIO": 18890.978,
        "TOTAL_NO_COBRADO": 155.92
    },
    "MARZO": {
        "TOTAL_COBRADO": 492.78999999999996,
        "TOTAL_PERDIDA_PATRIMONIO": 44731.770000000004,
        "TOTAL_NO_COBRADO": 0.0
    }
}